repository,release_tag,working_days_since_previous_release
stackflow,@stackflow/core@1.0.9,16
stackflow,@stackflow/compat-await-push@1.1.6,1
stackflow,@stackflow/plugin-basic-ui@1.4.2,1
stackflow,@stackflow/link@1.3.15,1
stackflow,@stackflow/plugin-devtools@0.1.7,1
stackflow,@stackflow/plugin-google-analytics-4@1.1.8,1
stackflow,@stackflow/plugin-history-sync@1.3.14,1
stackflow,@stackflow/plugin-preload@1.2.14,1
stackflow,@stackflow/plugin-renderer-basic@1.1.6,1
stackflow,@stackflow/plugin-renderer-web@1.1.6,1
stackflow,@stackflow/plugin-map-initial-activity@1.0.4,1
stackflow,@stackflow/plugin-stack-depth-change@1.1.0,1
stackflow,@stackflow/react@1.1.6,1
stackflow,@stackflow/esbuild-config@1.0.1,1
stackflow,@stackflow/eslint-config@1.0.2,1
stackflow,@stackflow/plugin-basic-ui@1.5.0,1
stackflow,@stackflow/plugin-basic-ui@1.5.1,17
stackflow,@stackflow/plugin-history-sync@1.3.15,1
stackflow,@stackflow/plugin-stack-depth-change@1.1.1,4
stackflow,@stackflow/plugin-history-sync@1.3.16,1
stackflow,@stackflow/plugin-history-sync@1.3.17,2
stackflow,@stackflow/core@1.0.10,6
stackflow,@stackflow/compat-await-push@1.1.7,1
stackflow,@stackflow/link@1.3.16,1
stackflow,@stackflow/plugin-basic-ui@1.5.2,1
stackflow,@stackflow/plugin-devtools@0.1.8,1
stackflow,@stackflow/plugin-google-analytics-4@1.1.9,1
stackflow,@stackflow/plugin-history-sync@1.3.18,1
stackflow,@stackflow/plugin-map-initial-activity@1.0.5,1
stackflow,@stackflow/plugin-preload@1.2.15,1
stackflow,@stackflow/plugin-renderer-basic@1.1.7,1
stackflow,@stackflow/plugin-renderer-web@1.1.7,1
stackflow,@stackflow/react@1.1.7,1
stackflow,@stackflow/plugin-stack-depth-change@1.1.2,1
stackflow,@stackflow/compat-await-push@1.1.8,11
stackflow,@stackflow/link@1.4.0,1
stackflow,@stackflow/plugin-basic-ui@1.5.3,1
stackflow,@stackflow/plugin-google-analytics-4@1.1.10,1
stackflow,@stackflow/plugin-history-sync@1.4.0,1
stackflow,@stackflow/plugin-map-initial-activity@1.0.6,1
stackflow,@stackflow/plugin-preload@1.3.0,1
stackflow,@stackflow/plugin-renderer-basic@1.1.8,1
stackflow,@stackflow/plugin-renderer-web@1.1.8,1
stackflow,@stackflow/react@1.1.8,1
stackflow,@stackflow/plugin-basic-ui@1.6.0,72
stackflow,@stackflow/plugin-history-sync@1.5.0,1
stackflow,@stackflow/react@1.1.9,3
stackflow,@stackflow/plugin-basic-ui@1.7.0,3
stackflow,@stackflow/core@1.0.11,31
stackflow,@stackflow/plugin-history-sync@1.5.1,1
stackflow,@stackflow/core@1.0.12,10
stackflow,@stackflow/compat-await-push@1.1.9,1
stackflow,@stackflow/link@1.4.1,1
stackflow,@stackflow/plugin-basic-ui@1.8.0,1
stackflow,@stackflow/plugin-google-analytics-4@1.1.11,1
stackflow,@stackflow/plugin-devtools@0.1.9,1
stackflow,@stackflow/plugin-map-initial-activity@1.0.7,1
stackflow,@stackflow/plugin-history-sync@1.5.2,1
stackflow,@stackflow/plugin-preload@1.3.1,1
stackflow,@stackflow/plugin-renderer-basic@1.1.9,1
stackflow,@stackflow/plugin-renderer-web@1.1.9,1
stackflow,@stackflow/plugin-stack-depth-change@1.1.3,1
stackflow,@stackflow/react@1.1.10,1
stackflow,@stackflow/esbuild-config@1.0.2,1
stackflow,@stackflow/plugin-history-sync@1.5.3,2
stackflow,@stackflow/plugin-basic-ui@1.8.1,2
stackflow,@stackflow/compat-await-push@1.1.10,2
stackflow,@stackflow/link@1.4.2,1
stackflow,@stackflow/plugin-basic-ui@1.8.2,1
stackflow,@stackflow/core@1.0.13,1
stackflow,@stackflow/plugin-google-analytics-4@1.1.12,1
stackflow,@stackflow/plugin-devtools@0.1.10,1
stackflow,@stackflow/plugin-history-sync@1.5.4,1
stackflow,@stackflow/plugin-map-initial-activity@1.0.8,1
stackflow,@stackflow/plugin-preload@1.3.2,1
stackflow,@stackflow/plugin-renderer-web@1.1.10,1
stackflow,@stackflow/plugin-stack-depth-change@1.1.4,1
stackflow,@stackflow/plugin-renderer-basic@1.1.10,1
stackflow,@stackflow/react@1.1.11,1
stackflow,@stackflow/esbuild-config@1.0.3,1
stackflow,@stackflow/compat-await-push@1.1.11,5
stackflow,@stackflow/config@1.1.0,1
stackflow,@stackflow/link@1.4.3,1
stackflow,@stackflow/plugin-basic-ui@1.8.3,1
stackflow,@stackflow/plugin-google-analytics-4@1.1.13,1
stackflow,@stackflow/plugin-history-sync@1.6.0,1
stackflow,@stackflow/plugin-map-initial-activity@1.0.9,1
stackflow,@stackflow/plugin-preload@1.3.3,1
stackflow,@stackflow/plugin-renderer-basic@1.1.11,1
stackflow,@stackflow/plugin-renderer-web@1.1.11,1
stackflow,@stackflow/react@1.2.0,1
stackflow,@stackflow/react@1.2.1,1
stackflow,@stackflow/plugin-basic-ui@1.8.4,3
stackflow,@stackflow/plugin-preload@1.4.0,1
stackflow,@stackflow/plugin-basic-ui@1.9.0,5
stackflow,@stackflow/react-ui-core@1.1.0,1
stackflow,@stackflow/react@1.2.2,1
stackflow,@stackflow/core@1.0.14,1
stackflow,@stackflow/plugin-history-sync@1.6.1,1
stackflow,@stackflow/core@1.1.0,5
stackflow,@stackflow/compat-await-push@1.1.12,1
stackflow,@stackflow/link@1.4.4,1
stackflow,@stackflow/plugin-basic-ui@1.9.1,1
stackflow,@stackflow/plugin-devtools@0.1.11,1
stackflow,@stackflow/plugin-google-analytics-4@1.1.14,1
stackflow,@stackflow/plugin-map-initial-activity@1.0.10,1
stackflow,@stackflow/plugin-preload@1.4.1,1
stackflow,@stackflow/plugin-history-sync@1.6.2,1
stackflow,@stackflow/plugin-renderer-basic@1.1.12,1
stackflow,@stackflow/plugin-renderer-web@1.1.12,1
stackflow,@stackflow/react-ui-core@1.1.1,1
stackflow,@stackflow/plugin-stack-depth-change@1.1.5,1
stackflow,@stackflow/react@1.3.0,1
stackflow,@stackflow/react@1.3.1,1
stackflow,@stackflow/plugin-history-sync@1.6.3,6
stackflow,@stackflow/compat-await-push@1.1.13,10
stackflow,@stackflow/link@1.4.5,1
stackflow,@stackflow/plugin-basic-ui@1.9.2,1
stackflow,@stackflow/plugin-google-analytics-4@1.1.15,1
stackflow,@stackflow/plugin-map-initial-activity@1.0.11,1
stackflow,@stackflow/plugin-preload@1.4.2,1
stackflow,@stackflow/plugin-renderer-basic@1.1.13,1
stackflow,@stackflow/react-ui-core@1.1.2,1
stackflow,@stackflow/plugin-renderer-web@1.1.13,1
stackflow,@stackflow/react@1.3.2,1
stackflow,@stackflow/plugin-basic-ui@1.10.0,7
stackflow,@stackflow/config@1.2.0,12
stackflow,@stackflow/plugin-history-sync@1.7.0,1
stackflow,@stackflow/link@1.5.0,1
stackflow,@stackflow/react@1.4.0,1
stackflow,@stackflow/plugin-preload@1.4.3,1
stackflow,@stackflow/react@1.4.1,20
stackflow,@stackflow/link@1.6.0,13
stackflow,@stackflow/plugin-basic-ui@1.10.1,8
stackflow,@stackflow/plugin-basic-ui@1.11.0,22
stackflow,@stackflow/react-ui-core@1.2.0,1
stackflow,@stackflow/react-ui-core@1.2.1,1
stackflow,@stackflow/plugin-basic-ui@1.11.1,1
stackflow,@stackflow/config@1.2.1,26
stackflow,@stackflow/core@1.1.1,1
stackflow,@stackflow/link@1.6.1,1
stackflow,@stackflow/react@1.4.2,1
stackflow,@stackflow/plugin-history-sync@1.7.1,1
stackflow,@stackflow/core@1.2.0,18
stackflow,@stackflow/react@1.5.0,1
stackflow,@stackflow/plugin-basic-ui@1.12.0,1
stackflow,@stackflow/react@1.5.1,7
stackflow,@stackflow/plugin-basic-ui@1.13.0,15
stackflow,@stackflow/react-ui-core@1.2.2,1
stackflow,@stackflow/plugin-basic-ui@1.13.1,10
stackflow,@stackflow/react-ui-core@1.2.3,1
stackflow,@stackflow/plugin-basic-ui@1.14.0,10
stackflow,@stackflow/react-ui-core@1.3.0,1
stackflow,@stackflow/react@1.5.2,24
stackflow,@stackflow/plugin-basic-ui@1.14.1,4
stackflow,@stackflow/react-ui-core@1.3.1,1
stackflow,@stackflow/plugin-basic-ui@1.14.2,11
stackflow,@stackflow/react-ui-core@1.3.2,1
seed-design,@karrotmarket/react-theming@0.2.0,1
seed-design,@karrotmarket/react-emotion-theme@0.4.0,1
seed-design,@karrotmarket/design-token@0.2.0,1
seed-design,@karrotmarket/design-token@1.1.2,105
seed-design,@seed-design/stylesheet@1.0.1,152
seed-design,@seed-design/react-theming@2.0.0,31
seed-design,@seed-design/react-theming@2.0.1,1
seed-design,gatsby-plugin-seed-design@0.0.2,5
seed-design,@seed-design/react-theming@2.0.2,1
seed-design,gatsby-plugin-seed-design@0.0.3,1
seed-design,@seed-design/react-theming@2.0.3,1
seed-design,gatsby-plugin-seed-design@0.0.4,2
seed-design,@seed-design/react-theming@2.0.4,1
seed-design,gatsby-plugin-seed-design@0.2.0,1
seed-design,@seed-design/react-theming@2.1.0,1
seed-design,gatsby-plugin-seed-design@0.2.1,3
seed-design,@seed-design/react-theming@2.1.1,1
seed-design,gatsby-plugin-seed-design@0.2.2,8
seed-design,@seed-design/react-theming@2.1.2,1
seed-design,gatsby-plugin-seed-design@0.2.3,1
seed-design,gatsby-plugin-seed-design@0.2.4,2
seed-design,@seed-design/stylesheet@1.0.2,1
seed-design,gatsby-plugin-seed-design@0.2.5,29
seed-design,@seed-design/stylesheet@1.0.3,1
seed-design,@seed-design/icon@0.0.1,17
seed-design,@seed-design/icon@0.0.2,1
seed-design,@seed-design/icon@0.0.3,1
seed-design,@seed-design/icon@0.0.4,1
seed-design,@seed-design/icon@0.0.5,1
seed-design,@seed-design/icon@0.0.6,1
seed-design,@seed-design/icon@0.0.7,3
seed-design,@seed-design/icon@0.0.8,1
seed-design,@seed-design/icon@0.1.0,2
seed-design,@seed-design/icon@0.1.1,4
seed-design,@seed-design/icon@0.1.2,1
seed-design,@seed-design/icon@0.1.4,2
seed-design,@seed-design/icon@0.1.5,1
seed-design,@seed-design/icon@0.1.6,1
seed-design,@seed-design/icon@0.1.7,2
seed-design,@seed-design/icon@0.1.8,3
seed-design,@seed-design/icon@0.1.10,11
seed-design,@seed-design/icon@0.1.11,2
seed-design,@seed-design/icon@0.1.12,1
seed-design,@seed-design/icon@0.1.13,0
seed-design,@seed-design/design-token@1.0.1,25
seed-design,@seed-design/icon@0.2.0,4
seed-design,@seed-design/icon@0.2.1,1
seed-design,gatsby-plugin-seed-design@0.2.6,5
seed-design,@seed-design/design-token@1.0.3,21
seed-design,@seed-design/icon-deprecated@0.2.1,32
seed-design,gatsby-plugin-seed-design@0.2.7,9
seed-design,@seed-design/react-theming@2.1.4,11
seed-design,@seed-design/stylesheet@1.0.4,131
seed-design,@seed-design/react-checkbox@0.0.1-rc.0,278
seed-design,@seed-design/react-dialog@0.0.1-rc.0,1
seed-design,@seed-design/css@0.0.1-rc.0,1
seed-design,@seed-design/react-popover@0.0.1-rc.0,1
seed-design,@seed-design/react-progress@0.0.1-rc.0,1
seed-design,@seed-design/react-pull-to-refresh@0.0.1-rc.0,1
seed-design,@seed-design/react-radio-group@0.0.1-rc.0,1
seed-design,@seed-design/react-segmented-control@0.0.1-rc.0,1
seed-design,@seed-design/react-switch@0.0.1-rc.0,1
seed-design,@seed-design/react-tabs@0.0.1-rc.0,1
seed-design,@seed-design/react-text-field@0.0.1-rc.0,1
seed-design,@seed-design/react-toggle@0.0.1-rc.0,1
seed-design,@seed-design/react-snackbar@0.0.1-rc.0,1
seed-design,@seed-design/react-avatar@0.0.1-rc.0,1
seed-design,@seed-design/stackflow@0.0.1-rc.0,1
seed-design,@seed-design/react@0.0.1-rc.0,1
seed-design,@seed-design/react@0.0.1-rc.1,1
seed-design,@seed-design/codemod@0.0.12-rc.0,2
seed-design,@seed-design/migration-index@0.0.1-rc.0,1
seed-design,@seed-design/codemod@0.0.12-rc.1,1
seed-design,@seed-design/codemod@0.0.12-rc.2,1
seed-design,@seed-design/css@0.0.1-rc.1,1
seed-design,@seed-design/codemod@0.0.12-rc.3,1
seed-design,@seed-design/stackflow@0.0.1-rc.1,1
seed-design,@seed-design/react@0.0.1-rc.2,1
seed-design,@seed-design/cli@0.0.1,4
seed-design,@seed-design/codemod@0.0.12,1
seed-design,@seed-design/migration-index@0.0.1,1
seed-design,@seed-design/css@0.0.1,1
seed-design,@seed-design/react@0.0.1,1
seed-design,@seed-design/react-avatar@0.0.1,1
seed-design,@seed-design/react-checkbox@0.0.1,1
seed-design,@seed-design/react-dialog@0.0.1,1
seed-design,@seed-design/react-popover@0.0.1,1
seed-design,@seed-design/react-primitive@0.0.1,1
seed-design,@seed-design/react-progress@0.0.1,1
seed-design,@seed-design/react-radio-group@0.0.1,1
seed-design,@seed-design/react-segmented-control@0.0.1,1
seed-design,@seed-design/react-pull-to-refresh@0.0.1,1
seed-design,@seed-design/react-snackbar@0.0.1,1
seed-design,@seed-design/react-tabs@0.0.1,1
seed-design,@seed-design/react-switch@0.0.1,1
seed-design,@seed-design/react-toggle@0.0.1,1
seed-design,@seed-design/react-text-field@0.0.1,1
seed-design,@seed-design/react-theming@2.1.5,1
seed-design,@seed-design/dom-utils@0.0.1,1
seed-design,@seed-design/vite-plugin@0.0.1,1
seed-design,@seed-design/stackflow@0.0.1,1
seed-design,@seed-design/webpack-plugin@0.0.1,1
seed-design,@seed-design/stylesheet@1.1.0,1
seed-design,@seed-design/css@0.0.2,1
seed-design,@seed-design/stackflow@0.0.2,1
seed-design,@seed-design/react@0.0.2,1
seed-design,@seed-design/stylesheet@1.1.1,1
seed-design,@seed-design/webpack-plugin@0.0.2,1
seed-design,@seed-design/vite-plugin@0.0.2,1
seed-design,@seed-design/css@0.0.3,6
seed-design,@seed-design/codemod@0.0.13,1
seed-design,@seed-design/migration-index@0.0.2,1
seed-design,@seed-design/stackflow@0.0.3,1
seed-design,@seed-design/rsbuild-plugin@0.0.3,1
seed-design,@seed-design/react@0.0.3,1
seed-design,@seed-design/vite-plugin@0.0.3,1
seed-design,@seed-design/webpack-plugin@0.0.3,1
seed-design,@seed-design/react@0.0.4,2
seed-design,@seed-design/css@0.0.4,1
seed-design,@seed-design/rsbuild-plugin@0.0.4,1
seed-design,@seed-design/stackflow@0.0.4,1
seed-design,@seed-design/vite-plugin@0.0.4,1
seed-design,@seed-design/webpack-plugin@0.0.4,1
seed-design,@seed-design/css@0.0.5,4
seed-design,@seed-design/codemod@0.0.14,1
seed-design,@seed-design/rsbuild-plugin@0.0.5,1
seed-design,@seed-design/stackflow@0.0.5,1
seed-design,@seed-design/react@0.0.5,1
seed-design,@seed-design/vite-plugin@0.0.5,1
seed-design,@seed-design/webpack-plugin@0.0.5,1
seed-design,@seed-design/codemod@0.0.15,5
seed-design,@seed-design/migration-index@0.0.3,1
seed-design,@seed-design/react@0.0.6,1
seed-design,@seed-design/rsbuild-plugin@0.0.6,1
seed-design,@seed-design/stackflow@0.0.6,1
seed-design,@seed-design/webpack-plugin@0.0.6,1
seed-design,@seed-design/css@0.0.6,1
seed-design,@seed-design/vite-plugin@0.0.6,1
seed-design,@seed-design/css@0.0.7,1
seed-design,@seed-design/react@0.0.7,1
seed-design,@seed-design/rsbuild-plugin@0.0.7,1
seed-design,@seed-design/vite-plugin@0.0.7,1
seed-design,@seed-design/stackflow@0.0.7,1
seed-design,@seed-design/webpack-plugin@0.0.7,1
seed-design,@seed-design/codemod@0.0.16,1
seed-design,@seed-design/codemod@0.0.17,1
seed-design,@seed-design/codemod@0.0.18,3
seed-design,@seed-design/migration-index@0.0.18,1
seed-design,@seed-design/rsbuild-plugin@0.0.8,1
seed-design,@seed-design/react@0.0.8,1
seed-design,@seed-design/vite-plugin@0.0.8,1
seed-design,@seed-design/webpack-plugin@0.0.8,1
seed-design,@seed-design/stackflow@0.0.8,1
seed-design,@seed-design/css@0.0.8,1
seed-design,@seed-design/codemod@0.0.19,6
seed-design,@seed-design/codemod@0.0.21,10
seed-design,@seed-design/css@0.0.13,9
seed-design,@seed-design/figma@0.0.5,1
seed-design,@seed-design/rsbuild-plugin@0.0.13,1
seed-design,@seed-design/react@0.0.13,1
seed-design,@seed-design/react-pull-to-refresh@0.0.2,1
seed-design,@seed-design/mcp@0.0.5,1
seed-design,@seed-design/vite-plugin@0.0.13,1
seed-design,@seed-design/stackflow@0.0.13,1
seed-design,@seed-design/webpack-plugin@0.0.13,1
seed-design,@seed-design/css@0.0.14,2
seed-design,@seed-design/mcp@0.0.6,1
seed-design,@seed-design/figma@0.0.6,1
seed-design,@seed-design/react@0.0.14,1
seed-design,@seed-design/react-popover@0.0.3,1
seed-design,@seed-design/rsbuild-plugin@0.0.14,1
seed-design,@seed-design/stackflow@0.0.14,1
seed-design,@seed-design/vite-plugin@0.0.14,1
seed-design,@seed-design/webpack-plugin@0.0.14,1
seed-design,@seed-design/css@0.0.15,3
seed-design,@seed-design/figma@0.0.15,1
seed-design,@seed-design/react-popover@0.0.4,1
seed-design,@seed-design/vite-plugin@0.0.15,1
seed-design,@seed-design/rsbuild-plugin@0.0.15,1
seed-design,@seed-design/mcp@0.0.15,1
seed-design,@seed-design/webpack-plugin@0.0.15,1
seed-design,@seed-design/stackflow@0.0.15,1
seed-design,@seed-design/react@0.0.15,1
seed-design,@seed-design/mcp@0.0.16,1
seed-design,@seed-design/css@0.0.17,1
seed-design,@seed-design/mcp@0.0.17,1
seed-design,@seed-design/figma@0.0.17,1
seed-design,@seed-design/react@0.0.17,1
seed-design,@seed-design/rsbuild-plugin@0.0.17,1
seed-design,@seed-design/webpack-plugin@0.0.17,1
seed-design,@seed-design/vite-plugin@0.0.17,1
seed-design,@seed-design/stackflow@0.0.17,1
seed-design,@seed-design/figma@0.0.18,2
seed-design,@seed-design/mcp@0.0.18,1
seed-design,@seed-design/figma@0.0.19,1
seed-design,@seed-design/css@0.0.19,1
seed-design,@seed-design/mcp@0.0.19,1
seed-design,@seed-design/rsbuild-plugin@0.0.19,1
seed-design,@seed-design/stackflow@0.0.19,1
seed-design,@seed-design/vite-plugin@0.0.19,1
seed-design,@seed-design/react@0.0.19,1
seed-design,@seed-design/webpack-plugin@0.0.19,1
seed-design,@seed-design/figma@0.0.20,2
seed-design,@seed-design/mcp@0.0.20,1
seed-design,@seed-design/figma-extractor@0.0.4,3
seed-design,@seed-design/cli@0.0.2,1
seed-design,@seed-design/codemod@0.0.22,1
seed-design,@seed-design/css@0.0.21,1
seed-design,@seed-design/design-token@1.0.4,1
seed-design,@seed-design/mcp@0.0.21,1
seed-design,@seed-design/react@0.0.21,1
seed-design,@seed-design/figma@0.0.21,1
seed-design,@seed-design/react-checkbox@0.0.2,1
seed-design,@seed-design/react-avatar@0.0.2,1
seed-design,@seed-design/react-primitive@0.0.2,1
seed-design,@seed-design/react-popover@0.0.5,1
seed-design,@seed-design/react-dialog@0.0.3,1
seed-design,@seed-design/react-pull-to-refresh@0.0.3,1
seed-design,@seed-design/react-radio-group@0.0.2,1
seed-design,@seed-design/react-segmented-control@0.0.3,1
seed-design,@seed-design/react-progress@0.0.2,1
seed-design,@seed-design/react-snackbar@0.0.3,1
seed-design,@seed-design/react-tabs@0.0.4,1
seed-design,@seed-design/react-switch@0.0.2,1
seed-design,@seed-design/react-text-field@0.0.2,1
seed-design,@seed-design/react-toggle@0.0.2,1
seed-design,@seed-design/rsbuild-plugin@0.0.21,1
seed-design,@seed-design/stackflow@0.0.21,1
seed-design,@seed-design/tailwind3-plugin@0.0.21,1
seed-design,@seed-design/vite-plugin@0.0.21,1
seed-design,@seed-design/dom-utils@0.0.2,1
seed-design,@seed-design/webpack-plugin@0.0.21,1
seed-design,@seed-design/tailwind4-theme@0.0.21,1
seed-design,@seed-design/figma@0.0.22,2
seed-design,@seed-design/mcp@0.0.22,1
seed-design,@seed-design/figma@0.0.23,4
seed-design,@seed-design/css@0.0.23,1
seed-design,@seed-design/mcp@0.0.23,1
seed-design,@seed-design/react@0.0.23,1
seed-design,@seed-design/rsbuild-plugin@0.0.23,1
seed-design,@seed-design/vite-plugin@0.0.23,1
seed-design,@seed-design/stackflow@0.0.23,1
seed-design,@seed-design/webpack-plugin@0.0.23,1
seed-design,@seed-design/webpack-plugin@0.0.24,5
seed-design,@seed-design/css@0.0.24,1
seed-design,@seed-design/figma@0.0.24,1
seed-design,@seed-design/react@0.0.24,1
seed-design,@seed-design/mcp@0.0.24,1
seed-design,@seed-design/react-portal@0.0.1,1
seed-design,@seed-design/rsbuild-plugin@0.0.24,1
seed-design,@seed-design/stackflow@0.0.24,1
seed-design,@seed-design/vite-plugin@0.0.24,1
seed-design,@seed-design/stackflow@0.0.25,8
seed-design,@seed-design/css@0.0.25,1
seed-design,@seed-design/figma@0.0.25,1
seed-design,@seed-design/webpack-plugin@0.0.25,1
seed-design,@seed-design/mcp@0.0.25,1
seed-design,@seed-design/vite-plugin@0.0.25,1
seed-design,@seed-design/codemod@0.0.23,1
seed-design,@seed-design/react@0.0.25,1
seed-design,@seed-design/rsbuild-plugin@0.0.25,1
seed-design,@seed-design/rsbuild-plugin@0.0.26,3
seed-design,@seed-design/vite-plugin@0.0.26,1
seed-design,@seed-design/codemod@0.0.24,1
seed-design,@seed-design/webpack-plugin@0.0.26,1
seed-design,@seed-design/figma@0.0.27,7
seed-design,@seed-design/react-radio-group@0.0.3,1
seed-design,@seed-design/react-portal@0.0.2,1
seed-design,@seed-design/mcp@0.0.27,1
seed-design,@seed-design/react-checkbox@0.0.3,1
seed-design,@seed-design/react-avatar@0.0.3,1
seed-design,@seed-design/react-toggle@0.0.3,1
seed-design,@seed-design/react-dialog@0.0.4,1
seed-design,@seed-design/css@0.0.27,1
seed-design,@seed-design/react-popover@0.0.6,1
seed-design,@seed-design/react-progress@0.0.3,1
seed-design,@seed-design/vite-plugin@0.0.27,1
seed-design,@seed-design/react-switch@0.0.3,1
seed-design,@seed-design/webpack-plugin@0.0.27,1
seed-design,@seed-design/codemod@0.0.25,1
seed-design,@seed-design/react-pull-to-refresh@0.0.4,1
seed-design,@seed-design/rsbuild-plugin@0.0.27,1
seed-design,@seed-design/react-text-field@0.0.3,1
seed-design,@seed-design/react@0.0.27,1
seed-design,@seed-design/react-snackbar@0.0.4,1
seed-design,@seed-design/react-tabs@0.0.5,1
seed-design,@seed-design/react-segmented-control@0.0.4,1
seed-design,@seed-design/stackflow@0.0.27,1
seed-design,@seed-design/figma@0.0.28,1
seed-design,@seed-design/mcp@0.0.28,1
seed-design,@seed-design/css@0.0.28,1
seed-design,@seed-design/react@0.0.28,1
seed-design,@seed-design/vite-plugin@0.0.28,1
seed-design,@seed-design/stackflow@0.0.28,1
seed-design,@seed-design/webpack-plugin@0.0.28,1
seed-design,@seed-design/rsbuild-plugin@0.0.28,1
seed-design,@seed-design/react-avatar@0.0.4,2
seed-design,@seed-design/css@0.0.29,1
seed-design,@seed-design/react-checkbox@0.0.4,1
seed-design,@seed-design/react@0.0.29,1
seed-design,@seed-design/react-dialog@0.0.5,1
seed-design,@seed-design/react-segmented-control@0.0.5,1
seed-design,@seed-design/react-primitive@0.0.3,1
seed-design,@seed-design/react-popover@0.0.7,1
seed-design,@seed-design/react-snackbar@0.0.5,1
seed-design,@seed-design/mcp@0.0.29,1
seed-design,@seed-design/react-progress@0.0.4,1
seed-design,@seed-design/figma@0.0.29,1
seed-design,@seed-design/stackflow@0.0.29,1
seed-design,@seed-design/react-switch@0.0.4,1
seed-design,@seed-design/react-toggle@0.0.4,1
seed-design,@seed-design/react-pull-to-refresh@0.0.5,1
seed-design,@seed-design/react-text-field@0.0.4,1
seed-design,@seed-design/react-tabs@0.0.6,1
seed-design,@seed-design/vite-plugin@0.0.29,1
seed-design,@seed-design/react-radio-group@0.0.4,1
seed-design,@seed-design/rsbuild-plugin@0.0.29,1
seed-design,@seed-design/webpack-plugin@0.0.29,1
seed-design,@seed-design/mcp@0.0.30,2
seed-design,@seed-design/rsbuild-plugin@0.0.30,1
seed-design,@seed-design/stackflow@0.0.30,1
seed-design,@seed-design/webpack-plugin@0.0.30,1
seed-design,@seed-design/figma@0.0.30,1
seed-design,@seed-design/react-pull-to-refresh@0.0.6,1
seed-design,@seed-design/react@0.0.30,1
seed-design,@seed-design/css@0.0.30,1
seed-design,@seed-design/react-tabs@0.0.7,1
seed-design,@seed-design/vite-plugin@0.0.30,1
